EVTDESCDUEL2;You and [FromFrom.GetTitledFirstName] slowly circle each other, tense and focused. You scan [FromFrom.GetHerHim] for any sign of weakness, any opening in [FromFrom.GetHerHis] defense that you could possibly exploit.;Vous et [FromFrom.GetTitledFirstName] vous tournez lentement autour, tendus et concentrés, guettant chez l’autre le moindre signe de faiblesse, la moindre ouverture dans sa défense. ;;;Tu y [FromFrom.GetTitledFirstName] se posicionan frente a frente, la tensión se palpa en el ambiente.  Lo observas buscando signos de flaqueza, para descubrir alguna brecha en su defensa y dirigir el golpe.;;;;;;;;;x;;;;;;;;;;;;;;,,,,,,,,,
EVTDESCDUEL2BATTLE;In the midst of the battle you and [FromFrom.GetTitledFirstName] circle each other, tense and focused. The raging scene around you seems to slow down as you scan [FromFrom.GetHerHim] for any sign of weakness, any opening in [FromFrom.GetHerHis] defense that you could possibly exploit.;;;;;;;;;;;;;;x,,,,,,,,,,,,,,
EVTDESCDUEL2WOUNDED;[FromFrom.GetTitledFirstName] faces you, and [FromFrom.GetSheHe] realises you are struggling with a wound. [FromFrom.GetSheHeCap] is looking at you searching for any sign of weakness, but you stand resolutely, ready to meet [FromFrom.GetHerHim].;;;;;;;;;;;;;;x,,,,,,,,,,,,,
EVTDESCDUEL2MAIMED;Your grievous injury is clearly hampering you as you assume the position to duel [FromFrom.GetTitledFirstName]. [FromFrom.GetSheHeCap] seems confident because of this, but you hold your ground regardless, ready to take advantage of any opening in [FromFrom.GetHerHis] defense that you could possibly exploit.;;;;;;;;;;;;;;x,,,,,,,,,,,,,,
EVTDESCDUEL2ILL;You are not in the best condition to fight, and [FromFrom.GetTitledFirstName] is seemingly heartened by your illness. You bravely assume the position to meet [FromFrom.GetHerHim] regardless, ready to strike at any lapse in [FromFrom.GetHerHis] defense.;;;;;;;;;;;;;;x,,,,,,,,,,,,,,
EVTDESCDUEL2YOUNG;Your weapon feels heavy in your young hands, your armour cumbersome. Yet you stand ready to face [FromFrom.GetTitledFirstName] in combat, slowly circling [FromFrom.GetHerHim] as you search for opportunity to strike.;;;;;;;;;;;;;;x,,,,,,,,,,,,,,
EVTDESCDUEL2WOUNDEDOPP;As [FromFrom.GetTitledFirstName] faces you, you realise [FromFrom.GetSheHe] is struggling with a wound. You scan [FromFrom.GetHerHim] searching for any sign of weakness, but [FromFrom.GetSheHe] stand resolutely, ready to meet you.;;;;;;;;;;;;;;x,,,,,,,,,,,,,
EVTDESCDUEL2MAIMEDOPP;[FromFrom.GetTitledFirstName]'s grievous injury is clearly hampering [FromFrom.GetHerHim] as you assume the position to duel [FromFrom.GetHerHim]. You gain confidence because of this, but [FromFrom.GetSheHe] is holding [FromFrom.GetHerHis] ground regardless, ready to take advantage of any opening in your defense that [FromFrom.GetSheHe] could possibly exploit.;;;;;;;;;;;;;;x,,,,,,,,,,,,,,
EVTDESCDUEL2ILLOPP;[FromFrom.GetTitledFirstName] is not in the best condition to fight, and so you take heart from [FromFrom.GetHerHis] illness. [FromFrom.GetSheHeCap] bravely assume the position to meet you regardless, and so you prepare to strike at any lapse in [FromFrom.GetHerHis] defense.;;;;;;;;;;;;;;x,,,,,,,,,,,,,,
EVTDESCDUEL2YOUNGOPP;[FromFrom.GetTitledFirstName] is clearly struggling with the weight of the weapon in [FromFrom.GetHerHis] young hands, [FromFrom.GetHerHis] armour labouring [FromFrom.GetHerHim] also. Yet [FromFrom.GetSheHe] stands ready to face you in combat, slowly circling you as you both search for opportunity to strike.;;;;;;;;;;;;;;x,,,,,,,,,,,,,,
EVTOPTADUELA;Strike!;Frapper!;;;¡Ataca!;;;;;;;;;x;;;;;;;;;;;;;;
EVTOPTADUELD;Defend!;;;;;;;;;;;;;x;;;;;;;;;;;;;;
EVTOPTBDUELA;Onslaught Attack!;;;;;;;;;;;;;x;;;;;;;;;;;;;;
EVTOPTBDUELD;Parry Attack!;;;;;;;;;;;;;x;;;;;;;;;;;;;;
EVTOPTCDUELA;Blitz Attack!;;;;;;;;;;;;;x;;;;;;;;;;;;;;
EVTOPTCDUELD;Counter Attack!;;;;;;;;;;;;;x;;;;;;;;;;;;;;
EVTOPTDDUELA;Feint Attack;;;;;;;;;;;;;x;;;;;;;;;;;;;;
EVTOPTDDUELD;Feint Retreat!;;;;;;;;;;;;;x;;;;;;;;;;;;;;
EVTOPTEDUELA;Divine Assault!;;;;;;;;;;;;;x;;;;;;;;;;;;;;
EVTOPTEDUELD;Indomitable Defense!;;;;;;;;;;;;;x;;;;;;;;;;;;;;
EVTOPTFDUELA;Gamble your life!;;;;;;;;;;;;;x;;;;;;;;;;;;;;
EVTOPTGDUELA;Cheap Shot!;;;;;;;;;;;;;x;;;;;;;;;;;;;;
EVTTOOLTIPDUEL2AA;Attack [This.GetTitledFirstName] straight on.;;;;;;;;;;;;;x
EVTTOOLTIPDUEL2AB;Use an all out attack to overpower [This.GetTitledFirstName]. This power attack will leave you open to counter attacks.;;;;;;;;;;;;;x
EVTTOOLTIPDUEL2AC;Use speed and tenacity to outmaneuver [This.GetTitledFirstName]. This attack may not work too well against a stalwart defense.;;;;;;;;;;;;;x
EVTTOOLTIPDUEL2AD;Lure [This.GetTitledFirstName] into defending against a false strike while you unleash your real attack elsewhere.;;;;;;;;;;;;;x
EVTTOOLTIPDUEL2AE;Use your formidable combat skill and experience to simply reduce [This.GetTitledFirstName] to a heaping pile of bloody flesh.;;;;;;;;;;;;;x
EVTTOOLTIPDUEL2AF;Risk everything in a desperate attack. This has a high chance of failure and should only be used when in dire straits.;;;;;;;;;;;;;x
EVTTOOLTIPDUEL2AG;Honor? Who needs honor? Use a cheap trick to put [This.GetTitledFirstName] in [This.GetHerHim] place.;;;;;;;;;;;;;x
EVTTOOLTIPDUEL2DA;Defend against [This.GetTitledFirstName]'s attack.;;;;;;;;;;;;;x
EVTTOOLTIPDUEL2DB;Let [This.GetTitledFirstName]'s attack pass over you.;;;;;;;;;;;;;x
EVTTOOLTIPDUEL2DC;Focus on reading [This.GetTitledFirstName]'s next move and counter if possible.;;;;;;;;;;;;;x
EVTTOOLTIPDUEL2DD;Use a false retreat to lure [This.GetTitledFirstName] into giving chase, then turn around and strike [This.GetHerHim] suddenly.;;;;;;;;;;;;;x
EVTTOOLTIPDUEL2DE;Use your formidable combat skill and experience to withstand anything [This.GetTitledFirstName] may throw at you.;;;;;;;;;;;;;x
EVTTOOLTIPDUEL3AA;Attack [From.GetTitledFirstName] straight on.;;;;;;;;;;;;;x
EVTTOOLTIPDUEL3AB;Use an all out attack to overpower [From.GetTitledFirstName]. This power attack will leave you open to counter attacks.;;;;;;;;;;;;;x
EVTTOOLTIPDUEL3AC;Use speed and tenacity to outmaneuver [From.GetTitledFirstName]. This attack may not work too well against a stalwart defense.;;;;;;;;;;;;;x
EVTTOOLTIPDUEL3AD;Lure [From.GetTitledFirstName] into defending against a false strike while you unleash your real attack elsewhere.;;;;;;;;;;;;;x
EVTTOOLTIPDUEL3AE;Use your formidable combat skill and experience to simply reduce [From.GetTitledFirstName] to a heaping pile of bloody flesh.;;;;;;;;;;;;;x
EVTTOOLTIPDUEL3AF;Risk everything in a desperate attack. This has a high chance of failure and should only be used when in dire straits.;;;;;;;;;;;;;x
EVTTOOLTIPDUEL3AG;Honor? Who needs honor? Use a cheap trick to put [From.GetTitledFirstName] in [From.GetHerHim] place.;;;;;;;;;;;;;x
EVTTOOLTIPDUEL3DA;Defend against [From.GetTitledFirstName]'s attack.;;;;;;;;;;;;;x
EVTTOOLTIPDUEL3DB;Let [From.GetTitledFirstName]'s attack pass over you.;;;;;;;;;;;;;x
EVTTOOLTIPDUEL3DC;Focus on reading [From.GetTitledFirstName]'s next move and counter if possible.;;;;;;;;;;;;;x
EVTTOOLTIPDUEL3DD;Use a false retreat to lure [From.GetTitledFirstName] into giving chase, then turn around and strike [From.GetHerHim] suddenly.;;;;;;;;;;;;;x
EVTTOOLTIPDUEL3DE;Use your formidable combat skill and experience to withstand anything [This.GetTitledFirstName] may throw at you.;;;;;;;;;;;;;x
EVTDESCDUEL3;You and [From.GetTitledFirstName] slowly circle each other, tense and focused. You scan [From.GetHerHim] for any sign of weakness, any opening in [From.GetHerHis] defense that you could possibly exploit.;Vous et [From.GetTitledFirstName] vous tournez lentement autour, tendus et concentrés, guettant chez l’autre le moindre signe de faiblesse, la moindre ouverture dans sa défense. ;;;Tu y [FromFrom.GetTitledFirstName] se posicionan frente a frente, la tensión se palpa en el ambiente.  Lo observas buscando signos de flaqueza, para descubrir alguna brecha en su defensa y dirigir el golpe.;;;;;;;;;x;;;;;;;;;;;;;;,,,,,,,,,
EVTDESCDUEL3BATTLE;In the midst of the battle you and [From.GetTitledFirstName] circle each other, tense and focused. The raging scene around you seems to slow down as you scan [From.GetHerHim] for any sign of weakness, any opening in [From.GetHerHis] defense that you could possibly exploit.;;;;;;;;;;;;;;x,,,,,,,,,,,,,,
EVTDESCDUEL3WOUNDED;[From.GetTitledFirstName] faces you, and [From.GetSheHe] realises you are struggling with a wound. [From.GetSheHeCap] is looking at you searching for any sign of weakness, but you stand resolutely, ready to meet [From.GetHerHim].;;;;;;;;;;;;;;x,,,,,,,,,,,,,
EVTDESCDUEL3MAIMED;Your grievous injury is clearly hampering you as you assume the position to duel [From.GetTitledFirstName]. [From.GetSheHeCap] seems confident because of this, but you hold your ground regardless, ready to take advantage of any opening in [From.GetHerHis] defense that you could possibly exploit.;;;;;;;;;;;;;;x,,,,,,,,,,,,,,
EVTDESCDUEL3ILL;You are not in the best condition to fight, and [From.GetTitledFirstName] is seemingly heartened by your illness. You bravely assume the position to meet [From.GetHerHim] regardless, ready to strike at any lapse in [From.GetHerHis] defense.;;;;;;;;;;;;;;x,,,,,,,,,,,,,,
EVTDESCDUEL3YOUNG;Your weapon feels heavy in your young hands, your armour cumbersome. Yet you stand ready to face [From.GetTitledFirstName] in combat, slowly circling [From.GetHerHim] as you search for opportunity to strike.;;;;;;;;;;;;;;x,,,,,,,,,,,,,,
EVTDESCDUEL3WOUNDEDOPP;As [From.GetTitledFirstName] faces you, you realise [From.GetSheHe] is struggling with a wound. You scan [From.GetHerHim] searching for any sign of weakness, but [From.GetSheHe] stand resolutely, ready to meet you.;;;;;;;;;;;;;;x,,,,,,,,,,,,,
EVTDESCDUEL3MAIMEDOPP;[From.GetTitledFirstName]'s grievous injury is clearly hampering [From.GetHerHim] as you assume the position to duel [From.GetHerHim]. You gain confidence because of this, but [From.GetSheHe] is holding [From.GetHerHis] ground regardless, ready to take advantage of any opening in your defense that [From.GetSheHe] could possibly exploit.;;;;;;;;;;;;;;x,,,,,,,,,,,,,,
EVTDESCDUEL3ILLOPP;[From.GetTitledFirstName] is not in the best condition to fight, and so you take heart from [From.GetHerHis] illness. [From.GetSheHeCap] bravely assume the position to meet you regardless, and so you prepare to strike at any lapse in [From.GetHerHis] defense.;;;;;;;;;;;;;;x,,,,,,,,,,,,,,
EVTDESCDUEL3YOUNGOPP;[From.GetTitledFirstName] is clearly struggling with the weight of the weapon in [From.GetHerHis] young hands, [From.GetHerHis] armour labouring [From.GetHerHim] also. Yet [From.GetSheHe] stands ready to face you in combat, slowly circling you as you both search for opportunity to strike.;;;;;;;;;;;;;;x,,,,,,,,,,,,,,
EVTDESCDUEL5.1;You and [FromFrom.GetTitledFirstName] clash weapons!;;;;;;;;;;;;;x;;;;;;;;;;;;;;,,,,,,,,,
EVTDESCDUEL5A.1;You strike out at [FromFrom.GetTitledFirstName] as [FromFrom.GetSheHe] defends [FromFrom.GetHerHim]self.;;;;;;;;;;;;;x;;;;;;;;;;;;;;,,,,,,,,,
EVTDESCDUEL5B.1;You strike out at [FromFrom.GetTitledFirstName] as [FromFrom.GetSheHe] moves to parry your attack!;;;;;;;;;;;;;x;;;;;;;;;;;;;;,,,,,,,,,
EVTDESCDUEL5C.1;You strike out at [FromFrom.GetTitledFirstName], but [FromFrom.GetSheHe] counters and strikes right back at you!;;;;;;;;;;;;;x;;;;;;;;;;;;;;,,,,,,,,,
EVTDESCDUEL5D.1;[FromFrom.GetTitledFirstName] turns away from you and flees. You give chase, but [FromFrom.GetTitledFirstName] suddenly turns and attacks you!;;;;;;;;;;;;;x;;;;;;;;;;;;;;,,,,,,,,,
EVTDESCDUEL5E.1;You strike out at [FromFrom.GetTitledFirstName], but [FromFrom.GetHerHis] defensive skill overwhelms you!;;;;;;;;;;;;;x;;;;;;;;;;;;;;,,,,,,,,,
EVTDESCDUEL5F.1;[FromFrom.GetTitledFirstName] charges wildly at you, shouting and screaming like a lunatic!;;;;;;;;;;;;;x;;;;;;;;;;;;;;,,,,,,,,,
EVTDESCDUEL5G.1;As you ready your attack, [FromFrom.GetTitledFirstName] hurls a tiny projectile at you as [FromFrom.GetSheHe] sprints forward.;;;;;;;;;;;;;x;;;;;;;;;;;;;;,,,,,,,,,
EVTDESCDUEL5H.1;You charge forward, roaring and screaming bloody murder!;;;;;;;;;;;;;x;;;;;;;;;;;;;;,,,,,,,,,
EVTDESCDUEL5I.1;You charge forward, roaring and screaming, but [FromFrom.GetTitledFirstName] manages to see through your attack.;;;;;;;;;;;;;x;;;;;;;;;;;;;;,,,,,,,,,
EVTDESCDUEL5J.1;You sprint forward, unleashing a flurry of blows upon [FromFrom.GetTitledFirstName]!;;;;;;;;;;;;;x;;;;;;;;;;;;;;,,,,,,,,,
EVTDESCDUEL5K.1;You sprint forward, unleashing a flurry of blows that [FromFrom.GetTitledFirstName] easily deflects!;;;;;;;;;;;;;x;;;;;;;;;;;;;;,,,,,,,,,
EVTDESCDUEL5L.1;You make a low feint and then follow up with a high strike at [FromFrom.GetTitledFirstName].;;;;;;;;;;;;;x;;;;;;;;;;;;;;,,,,,,,,,
EVTDESCDUEL5M.1;You and [FromFrom.GetTitledFirstName] both retreat from one another, realize that neither person has taken the bait, and charge together once more.;;;;;;;;;;;;;x;;;;;;;;;;;;;;,,,,,,,,,
EVTDESCDUEL5N.1;You launch your masterful combat skills against [FromFrom.GetTitledFirstName].;;;;;;;;;;;;;x;;;;;;;;;;;;;;,,,,,,,,,
EVTDESCDUEL5O.1;You throw yourself at [FromFrom.GetTitledFirstName] with reckless abandon.;;;;;;;;;;;;;x;;;;;;;;;;;;;;,,,,,,,,,
EVTDESCDUEL5P.1;You use every dirty trick in and out of the book to attack [FromFrom.GetTitledFirstName].;;;;;;;;;;;;;x;;;;;;;;;;;;;;,,,,,,,,,
EVTDESCDUEL5Q.1;You defend yourself against [FromFrom.GetTitledFirstName]'s attack.;;;;;;;;;;;;;x;;;;;;;;;;;;;;,,,,,,,,,
EVTDESCDUEL5R.1;You try to defend yourself, but [FromFrom.GetTitledFirstName]'s assault threatens to crush through your defenses!;;;;;;;;;;;;;x;;;;;;;;;;;;;;,,,,,,,,,
EVTDESCDUEL5S.1;You try to defend yourself, but [FromFrom.GetTitledFirstName]'s rapid attack seems too fast to keep up with!;;;;;;;;;;;;;x;;;;;;;;;;;;;;,,,,,,,,,
EVTDESCDUEL5T.1;You move to block [FromFrom.GetTitledFirstName]'s attack. As you do, [FromFrom.GetTitledFirstName] suddenly shifts [FromFrom.GetHerHis] weight and strikes from nowhere.;;;;;;;;;;;;;x;;;;;;;;;;;;;;,,,,,,,,,
EVTDESCDUEL5U.1;You try to defend against [FromFrom.GetTitledFirstName], but [FromFrom.GetHerHis] impressive attack overwhelms you!;;;;;;;;;;;;;x;;;;;;;;;;;;;;,,,,,,,,,
EVTDESCDUEL5V.1;[FromFrom.GetTitledFirstName] charges wildly at you, shouting and screaming like a lunatic!;;;;;;;;;;;;;x;;;;;;;;;;;;;;,,,,,,,,,
EVTDESCDUEL5W.1;As you ready your defense, [FromFrom.GetTitledFirstName] throws some powdery substance at your face. You hear [FromFrom.GetHerHim] sprint forward in the confusion.;;;;;;;;;;;;;x;;;;;;;;;;;;;;,,,,,,,,,
EVTDESCDUEL5X.1;You parry blow after blow with ease, waiting for the best opportunity to return the favor.;;;;;;;;;;;;;x;;;;;;;;;;;;;;,,,,,,,,,
EVTDESCDUEL5Y.1;Your attempts to deflect [FromFrom.GetTitledFirstName]'s attacks were useless against [FromFrom.GetHerHis] ferocity.;;;;;;;;;;;;;x;;;;;;;;;;;;;;,,,,,,,,,
EVTDESCDUEL5Z.1;You counter [FromFrom.GetTitledFirstName]'s strike and try to return with one of your own!;;;;;;;;;;;;;x;;;;;;;;;;;;;;,,,,,,,,,
EVTDESCDUEL5AA.1;You try to counter [FromFrom.GetTitledFirstName]'s attack, but [FromFrom.GetHerHis] quick strikes are too fast to follow;;;;;;;;;;;;;x;;;;;;;;;;;;;;,,,,,,,,,
EVTDESCDUEL5AB.1;You flee, hoping to lure [FromFrom.GetTitledFirstName] into revealing an opening for attack.;;;;;;;;;;;;;x;;;;;;;;;;;;;;,,,,,,,,,
EVTDESCDUEL5AC.1;You put your impressive defensive ability to outmaneuver [FromFrom.GetTitledFirstName].;;;;;;;;;;;;;x;;;;;;;;;;;;;;,,,,,,,,,
EVTDESCDUEL5.2;You and [FromFromFrom.GetTitledFirstName] clash weapons!;;;;;;;;;;;;;x;;;;;;;;;;;;;;,,,,,,,,,
EVTDESCDUEL5A.2;You strike out at [FromFromFrom.GetTitledFirstName] as [FromFromFrom.GetSheHe] defends [FromFromFrom.GetHerHim]self.;;;;;;;;;;;;;x;;;;;;;;;;;;;;,,,,,,,,,
EVTDESCDUEL5B.2;You strike out at [FromFromFrom.GetTitledFirstName] as [FromFromFrom.GetSheHe] moves to parry your attack!;;;;;;;;;;;;;x;;;;;;;;;;;;;;,,,,,,,,,
EVTDESCDUEL5C.2;You strike out at [FromFromFrom.GetTitledFirstName], but [FromFromFrom.GetSheHe] counters and strikes right back at you!;;;;;;;;;;;;;x;;;;;;;;;;;;;;,,,,,,,,,
EVTDESCDUEL5D.2;[FromFromFrom.GetTitledFirstName] turns away from you and flees. You give chase, but [FromFromFrom.GetTitledFirstName] suddenly turns and attacks you!;;;;;;;;;;;;;x;;;;;;;;;;;;;;,,,,,,,,,
EVTDESCDUEL5E.2;You strike out at [FromFromFrom.GetTitledFirstName], but [FromFromFrom.GetHerHis] defensive skill overwhelms you!;;;;;;;;;;;;;x;;;;;;;;;;;;;;,,,,,,,,,
EVTDESCDUEL5F.2;[FromFromFrom.GetTitledFirstName] charges wildly at you, shouting and screaming like a lunatic!;;;;;;;;;;;;;x;;;;;;;;;;;;;;,,,,,,,,,
EVTDESCDUEL5G.2;As you ready your attack, [FromFromFrom.GetTitledFirstName] hurls a tiny projectile at you as [FromFromFrom.GetSheHe] sprints forward.;;;;;;;;;;;;;x;;;;;;;;;;;;;;,,,,,,,,,
EVTDESCDUEL5H.2;You charge forward, roaring and screaming bloody murder!;;;;;;;;;;;;;x;;;;;;;;;;;;;;,,,,,,,,,
EVTDESCDUEL5I.2;You charge forward, roaring and screaming, but [FromFromFrom.GetTitledFirstName] manages to see through your attack.;;;;;;;;;;;;;x;;;;;;;;;;;;;;,,,,,,,,,
EVTDESCDUEL5J.2;You sprint forward, unleashing a flurry of blows upon [FromFromFrom.GetTitledFirstName]!;;;;;;;;;;;;;x;;;;;;;;;;;;;;,,,,,,,,,
EVTDESCDUEL5K.2;You sprint forward, unleashing a flurry of blows that [FromFromFrom.GetTitledFirstName] easily deflects!;;;;;;;;;;;;;x;;;;;;;;;;;;;;,,,,,,,,,
EVTDESCDUEL5L.2;You make a low feint and then follow up with a high strike at [FromFromFrom.GetTitledFirstName].;;;;;;;;;;;;;x;;;;;;;;;;;;;;,,,,,,,,,
EVTDESCDUEL5M.2;You and [FromFromFrom.GetTitledFirstName] both retreat from one another, realize that neither person has taken the bait, and charge together once more.;;;;;;;;;;;;;x;;;;;;;;;;;;;;,,,,,,,,,
EVTDESCDUEL5N.2;You launch your masterful combat skills against [FromFromFrom.GetTitledFirstName].;;;;;;;;;;;;;x;;;;;;;;;;;;;;,,,,,,,,,
EVTDESCDUEL5O.2;You throw yourself at [FromFromFrom.GetTitledFirstName] with reckless abandon.;;;;;;;;;;;;;x;;;;;;;;;;;;;;,,,,,,,,,
EVTDESCDUEL5P.2;You use every dirty trick in and out of the book to attack [FromFromFrom.GetTitledFirstName].;;;;;;;;;;;;;x;;;;;;;;;;;;;;,,,,,,,,,
EVTDESCDUEL5Q.2;You defend yourself against [FromFromFrom.GetTitledFirstName]'s attack.;;;;;;;;;;;;;x;;;;;;;;;;;;;;,,,,,,,,,
EVTDESCDUEL5R.2;You try to defend yourself, but [FromFromFrom.GetTitledFirstName]'s assault threatens to crush through your defenses!;;;;;;;;;;;;;x;;;;;;;;;;;;;;,,,,,,,,,
EVTDESCDUEL5S.2;You try to defend yourself, but [FromFromFrom.GetTitledFirstName]'s rapid attack seems too fast to keep up with!;;;;;;;;;;;;;x;;;;;;;;;;;;;;,,,,,,,,,
EVTDESCDUEL5T.2;You move to block [FromFromFrom.GetTitledFirstName]'s attack. As you do, [FromFromFrom.GetTitledFirstName] suddenly shifts [FromFromFrom.GetHerHis] weight and strikes from nowhere.;;;;;;;;;;;;;x;;;;;;;;;;;;;;,,,,,,,,,
EVTDESCDUEL5U.2;You try to defend against [FromFromFrom.GetTitledFirstName], but [FromFromFrom.GetHerHis] impressive attack overwhelms you!;;;;;;;;;;;;;x;;;;;;;;;;;;;;,,,,,,,,,
EVTDESCDUEL5V.2;[FromFromFrom.GetTitledFirstName] charges wildly at you, shouting and screaming like a lunatic!;;;;;;;;;;;;;x;;;;;;;;;;;;;;,,,,,,,,,
EVTDESCDUEL5W.2;As you ready your defense, [FromFromFrom.GetTitledFirstName] throws some powdery substance at your face. You hear [FromFromFrom.GetHerHim] sprint forward in the confusion.;;;;;;;;;;;;;x;;;;;;;;;;;;;;,,,,,,,,,
EVTDESCDUEL5X.2;You parry blow after blow with ease, waiting for the best opportunity to return the favor.;;;;;;;;;;;;;x;;;;;;;;;;;;;;,,,,,,,,,
EVTDESCDUEL5Y.2;Your attempts to deflect [FromFromFrom.GetTitledFirstName]'s attacks were useless against [FromFromFrom.GetHerHis] ferocity.;;;;;;;;;;;;;x;;;;;;;;;;;;;;,,,,,,,,,
EVTDESCDUEL5Z.2;You counter [FromFromFrom.GetTitledFirstName]'s strike and try to return with one of your own!;;;;;;;;;;;;;x;;;;;;;;;;;;;;,,,,,,,,,
EVTDESCDUEL5AA.2;You try to counter [FromFromFrom.GetTitledFirstName]'s attack, but [FromFromFrom.GetHerHis] quick strikes are too fast to follow;;;;;;;;;;;;;x;;;;;;;;;;;;;;,,,,,,,,,
EVTDESCDUEL5AB.2;You flee, hoping to lure [FromFromFrom.GetTitledFirstName] into revealing an opening for attack.;;;;;;;;;;;;;x;;;;;;;;;;;;;;,,,,,,,,,
EVTDESCDUEL5AC.2;You put your impressive defensive ability to outmaneuver [FromFromFrom.GetTitledFirstName].;;;;;;;;;;;;;x;;;;;;;;;;;;;;,,,,,,,,,
EVTOPTADUEL5;Die!;;;;;;;;;;;;;x;;;;;;;;;;;;;;
EVTTOOLTIPDUEL6;[This.GetTitledFirstName] tries to defend [This.GetHerHim]self!;essaye de se défendre;;;Intenta defenderte;;;;;;;;;x;;;;;;;;;;;;;;
EVTDESCDUEL6;You and [From.GetTitledFirstName] clash weapons!;;;;;;;;;;;;;x;;;;;;;;;;;;;;,,,,,,,,,
EVTDESCDUEL6A;You strike out at [From.GetTitledFirstName] as [From.GetSheHe] defends [From.GetHerHim]self.;;;;;;;;;;;;;x;;;;;;;;;;;;;;,,,,,,,,,
EVTDESCDUEL6B;You strike out at [From.GetTitledFirstName] as [From.GetSheHe] moves to parry your attack!;;;;;;;;;;;;;x;;;;;;;;;;;;;;,,,,,,,,,
EVTDESCDUEL6C;You strike out at [From.GetTitledFirstName], but [From.GetSheHe] counters and strikes right back at you!;;;;;;;;;;;;;x;;;;;;;;;;;;;;,,,,,,,,,
EVTDESCDUEL6D;[From.GetTitledFirstName] turns away from you and flees. You give chase, but [From.GetTitledFirstName] suddenly turns and attacks you!;;;;;;;;;;;;;x;;;;;;;;;;;;;;,,,,,,,,,
EVTDESCDUEL6E;You strike out at [From.GetTitledFirstName], but [From.GetHerHis] defensive skill overwhelms you!;;;;;;;;;;;;;x;;;;;;;;;;;;;;,,,,,,,,,
EVTDESCDUEL6F;[From.GetTitledFirstName] charges wildly at you, shouting and screaming like a lunatic!;;;;;;;;;;;;;x;;;;;;;;;;;;;;,,,,,,,,,
EVTDESCDUEL6G;As you ready your attack, [From.GetTitledFirstName] hurls a tiny projectile at you as [From.GetSheHe] sprints forward.;;;;;;;;;;;;;x;;;;;;;;;;;;;;,,,,,,,,,
EVTDESCDUEL6H;You charge forward, roaring and screaming bloody murder!;;;;;;;;;;;;;x;;;;;;;;;;;;;;,,,,,,,,,
EVTDESCDUEL6I;You charge forward, roaring and screaming, but [From.GetTitledFirstName] manages to see through your attack.;;;;;;;;;;;;;x;;;;;;;;;;;;;;,,,,,,,,,
EVTDESCDUEL6J;You sprint forward, unleashing a flurry of blows upon [From.GetTitledFirstName]!;;;;;;;;;;;;;x;;;;;;;;;;;;;;,,,,,,,,,
EVTDESCDUEL6K;You sprint forward, unleashing a flurry of blows that [From.GetTitledFirstName] easily deflects!;;;;;;;;;;;;;x;;;;;;;;;;;;;;,,,,,,,,,
EVTDESCDUEL6L;You make a low feint and then follow up with a high strike at [From.GetTitledFirstName].;;;;;;;;;;;;;x;;;;;;;;;;;;;;,,,,,,,,,
EVTDESCDUEL6M;You and [From.GetTitledFirstName] both retreat from one another, realize that neither person has taken the bait, and charge together once more.;;;;;;;;;;;;;x;;;;;;;;;;;;;;,,,,,,,,,
EVTDESCDUEL6N;You launch your masterful combat skills against [From.GetTitledFirstName].;;;;;;;;;;;;;x;;;;;;;;;;;;;;,,,,,,,,,
EVTDESCDUEL6O;You throw yourself at [From.GetTitledFirstName] with reckless abandon.;;;;;;;;;;;;;x;;;;;;;;;;;;;;,,,,,,,,,
EVTDESCDUEL6P;You use every dirty trick in and out of the book to attack [From.GetTitledFirstName].;;;;;;;;;;;;;x;;;;;;;;;;;;;;,,,,,,,,,
EVTDESCDUEL6Q;You defend yourself against [From.GetTitledFirstName]'s attack.;;;;;;;;;;;;;x;;;;;;;;;;;;;;,,,,,,,,,
EVTDESCDUEL6R;You try to defend yourself, but [From.GetTitledFirstName]'s assault threatens to crush through your defenses!;;;;;;;;;;;;;x;;;;;;;;;;;;;;,,,,,,,,,
EVTDESCDUEL6S;You try to defend yourself, but [From.GetTitledFirstName]'s rapid attack seems too fast to keep up with!;;;;;;;;;;;;;x;;;;;;;;;;;;;;,,,,,,,,,
EVTDESCDUEL6T;You move to block [From.GetTitledFirstName]'s attack. As you do, [From.GetTitledFirstName] suddenly shifts [From.GetHerHis] weight and strikes from nowhere.;;;;;;;;;;;;;x;;;;;;;;;;;;;;,,,,,,,,,
EVTDESCDUEL6U;You try to defend against [From.GetTitledFirstName], but [From.GetHerHis] impressive attack overwhelms you!;;;;;;;;;;;;;x;;;;;;;;;;;;;;,,,,,,,,,
EVTDESCDUEL6V;[From.GetTitledFirstName] charges wildly at you, shouting and screaming like a lunatic!;;;;;;;;;;;;;x;;;;;;;;;;;;;;,,,,,,,,,
EVTDESCDUEL6W;As you ready your defense, [From.GetTitledFirstName] throws some powdery substance at your face. You hear [From.GetHerHim] sprint forward in the confusion.;;;;;;;;;;;;;x;;;;;;;;;;;;;;,,,,,,,,,
EVTDESCDUEL6X;You parry blow after blow with ease, waiting for the best opportunity to return the favor.;;;;;;;;;;;;;x;;;;;;;;;;;;;;,,,,,,,,,
EVTDESCDUEL6Y;Your attempts to deflect [From.GetTitledFirstName]'s attacks were useless against [From.GetHerHis] ferocity.;;;;;;;;;;;;;x;;;;;;;;;;;;;;,,,,,,,,,
EVTDESCDUEL6Z;You counter [From.GetTitledFirstName]'s strike and try to return with one of your own!;;;;;;;;;;;;;x;;;;;;;;;;;;;;,,,,,,,,,
EVTDESCDUEL6AA;You try to counter [From.GetTitledFirstName]'s attack, but [From.GetHerHis] quick strikes are too fast to follow;;;;;;;;;;;;;x;;;;;;;;;;;;;;,,,,,,,,,
EVTDESCDUEL6AB;You flee, hoping to lure [From.GetTitledFirstName] into revealing an opening for attack.;;;;;;;;;;;;;x;;;;;;;;;;;;;;,,,,,,,,,
EVTDESCDUEL6AC;You put your impressive defensive ability to outmaneuver [From.GetTitledFirstName].;;;;;;;;;;;;;x;;;;;;;;;;;;;;,,,,,,,,,
EVTOPTADUEL6;You're mine!;;;;;;;;;;;;;x;;;;;;;;;;;;;;
EVTDESCDUEL105;You easily break through [FromFrom.GetTitledFirstName]'s guard and knock [FromFrom.GetHerHim] to the ground. [FromFrom.GetSheHeCap] lies sprawled at your feet, completely at your mercy.;Vous brisez facilement la garde de [FromFrom.GetTitledFirstName] et le mettez à terre. [FromFrom.GetSheHeCap] est à vos pieds, complètement à votre merci.;;;Facilmente rompes su guardia y cae al suelo inmdediatamente, [FromFrom.GetTitledFirstName] esta a tus pies y completamente a tu merced.;;;;;;;;;x;;;;;;;;;;;;;;,,,,,,,,,,,,,
EVTOPTADUEL105;It's all over now!;Tout est fini maintenant !;;;Todo ha terminado ya;;;;;;;;;x;;;;;;;;;;;;;;
EVTTOOLTIPDUEL106;[This.GetTitledFirstName] reacts!;[This.GetTitledFirstName] réagit;;;[This.GetTitledFirstName] reacciona;;;;;;;;;x;;;;;;;;;;;;;;
EVTDESCDUEL106;[From.GetTitledFirstName] overwhelms your defense and, with a mighty blow, sends you sprawling to the ground. You look up at [From.GetHerHim] towering above you, ready to deliver the finishing blow...;[From.GetTitledFirstName] déborde votre défense et, d'un coup puissant, vous projette à terre. Vous levez les yeux vers lui. Sa silhouette imposante se dresse au-dessus de vous, prête à vous donner le coup de grâce…;;;[From.GetTitledFirstName] con un poderoso golpe aplasta tu defensa, caes al suelo inmediatamente. Miras hacias arriba y lo ves a él, listo para dar el golpe final.;;;;;;;;;x;;;;;;;;;;;;;;,,,,,,,,
EVTOPTADUEL106;Yield! Yield!;Je me rends ! Je me rends !;;;¡Me rindo!;;;;;;;;;x;;;;;;;;;;;;;;
EVTOPTBDUEL106;I'm not finished yet!;Je n'ai pas encore dit mon dernier mot !;;;¡Esto no ha terminado todavia!;;;;;;;;;x;;;;;;;;;;;;;;
EVTOPTCDUEL106;You'll never make me beg!;;;;;;;;;x;;;;;;;;;;;;;;
EVTOPTDDUEL106;I'll never surrender!;;;;;;;;;x;;;;;;;;;;;;;;
EVTTOOLTIPDUEL107;[This.GetTitledFirstName] considers your yield;[This.GetTitledFirstName] tient compte de votre réddition;;;[This.GetTitledFirstName] considera su rendición;;;;;;;;;x;;;;;;;;;;;;;;
EVTDESCDUEL107;[From.GetTitledFirstName] drops [From.GetHerHis] weapon and throws up [From.GetHerHis] hands. 'Yield! I yield!';[From.GetTitledFirstName] lâche son arme et lève ses mains. 'Je me rends ! Je me rends !';;;[From.GetTitledFirstName] tira su espada y levanta las manos, ¡Me rindo!;;;;;;;;;x;;;;;;;;;;;;;;,,,,,,,,,,,,,,,
EVTOPTADUEL107;I accept. Back on your feet..;J'accepte. Relève-toi…;;;La acepto, que la vergüenza te siga hasta el lecho de muerte;;;;;;;;;x;;;;;;;;;;;;;;,,,,,,,,,,,,,,,
EVTOPTBDUEL107;No.;Non.;;;¡Nunca!;;;;;;;;;x;;;;;;;;;;;;;;
EVTOPTCDUEL107;I'll never forget this.;;;;;;;;;x;;;;;;;;;;;;;;
EVTOPTBDUEL107B;No you [GetRootFromInsult]!;;;;;;;;;;;;;;x
EVTTOOLTIPDUEL108;[This.GetTitledFirstName] is defeated.;[This.GetTitledFirstName] est défait.;;;[This.GetTitledFirstName] esta muerto.;;;;;;;;;x;;;;;;;;;;;;;;
EVTDESCDUEL108;[From.GetFirstName] lowers the point of [From.GetHerHis] weapon and extends a hand. 'I accept,' [From.GetSheHe] says, 'back on your feet.';[From.GetFirstName] abaisse son arme et tend sa main. 'J'accepte,' dit-[From.GetSheHe], 'relève-toi'.;;;[From.GetFirstName] embaina su espada y extiende su mano. 'la acepto, dijo, 'ponte en pie.';;;;;;;;;x;;;;;;;;;;;;;;,,,,,,,,,,
EVTOPTADUEL108;Your battle, fairly won.;Votre bataille, remportée honorablement.;;;Su combate, gano justamente.;;;;;;;;;x;;;;;;;;;;;;;;,,,,,,,,,,,,,
EVTTOOLTIPDUEL109;[From.GetTitledFirstName] is slain!\n;est tué !;;;¡Es asesinado!;;;;;;;;;x;;;;;;;;;;;;;;
EVTDESCDUEL109;[From.GetFirstName] looks down at you without a hint of emotion on [From.GetHerHis] face.\n'No.'\nAll goes dark....;[From.GetFirstName] vous regarde de haut sans la moindre émotion sur son visage.\n'Non.'\nTout devient noir.;;;[From.GetFirstName] te mira sin ninguna expresión en su rostro.\n'No.'\nTodo se oscurece....;;;;;;;;;x;;;;;;;;;;;;;;
EVTOPTADUEL109;Aaargh!;Aaargh !;;;¡Aaargh!;;;;;;;;;x;;;;;;;;;;;;;;
EVTTOOLTIPDUEL110;You roll to dodge the final blow;Vous roulez pour éviter le coup de grâce. ;;;Tratas de esquivar el golpe final.;;;;;;;;;x;;;;;;;;;;;;;;
EVTDESCDUEL110;[FromFrom.GetTitledFirstName] strikes, but you roll to dodge just in time, taking no more than a flesh wound. You force yourself back to your feet and hold your weapon ready.;[FromFrom.GetTitledFirstName] frappe mais vous roulez juste à temps pour esquiver le coup et ne recevez qu'une très légère blessure. Vous vous relevez et empoignez votre arme avec force. ;;;[FromFrom.GetTitledFirstName] golpea, pero esquivas el golpe justo a tiempo, teniendo no más de una herida superficial. Inmediatamente coges tu espada y te pones en pie.;;;;;;;;;x;;;;;;;;;;;;;;,,,,,,,,,,,,
EVTOPTADUEL110;You won't get another chance!;Tu n'auras pas de deuxième chance !;;;¡No tendras otra oportunida!;;;;;;;;;x;;;;;;;;;;;;;;
TOOLTIPLOSEEYE;You lose an eye!;;;;;;;;;;;;;;x
EVTTOOLTIPDUEL111;[From.GetTitledFirstName] reacts!;[From.GetTitledFirstName] réagit;;;[From.GetTitledFirstName] reacciona;;;;;;;;;x;;;;;;;;;;;;;;
EVTDESCDUEL111;You strike, but [From.GetTitledFirstName] rolls to the side, wounded but still very much alive. [From.GetSheHeCap] rises to [From.GetHerHis] feet and readies [From.GetHerHis] weapon once again.;Vous frappez mais [From.GetTitledFirstName] roule sur le côté, certes blessé mais toujours bien vivant. [From.GetSheHeCap] se remet sur ses jambes et empoigne à nouveau son arme.;;;Golpeas, pero [From.GetTitledFirstName] rueda por el suelo,herido pero vivo. Se levanta cogiendo su espada, preparado otra vez para el combate.;;;;;;;;;x;;;;;;;;;;;;;;,,,,,,,,,,
EVTOPTADUEL111;Why won't you just DIE?!;Pourquoi ne veux-tu pas juste CREVER ?!;;;¡¿Por qué no mueres?!;;;;;;;;;x;;;;;;;;;;;;;;
EVTOPTADUEL111B;Why don't you just give up?!;;;;;;;;;;;;;;x
EVTDESCDUEL201;[FromFrom.GetTitledFirstName] tries to fight back, but you force your way through, easily overpowering [FromFrom.GetHerHis] pathetic defense. You strike for [FromFrom.GetHerHis] heart with all your might!;[FromFrom.GetTitledFirstName] tente de résister mais vous imposez votre rythme, débordant aisément sa pathétique défense. De toute vos forces, vous luttez pour avoir sa tête !;;;[FromFrom.GetTitledFirstName] intenta luchar otra vez, pero le vuelves a golpear con fuerza, facilmente aplastas su defensa. Le clavas la espada en su corazon con todas tus fuerzas.;;;;;;;;;x;;;;;;;;;;;;;;,,,,,,,,,,
EVTDESCDUEL201B;[FromFrom.GetTitledFirstName] tries to fight back, but you force your way through, easily overpowering [FromFrom.GetHerHis] pathetic defense. You strike at [FromFrom.GetHerHim] with all your might, but despite the friendly nature of the duel you are too forceful, and fatally wound [FromFrom.GetHerHim].;;;;;;;;;;;;;;x,,,,,,,,,,,,
EVTOPTADUEL201;DIE!;MEURS !;;;¡MUERE BASTARDO!;;;;;;;;;x;;;;;;;;;;;;;;
EVTOPTBDUEL201;VICTORY!;;;;;;;;;x;;;;;;;;;;;;;;
EVTOPTCDUEL201;FEEL MY WRATH!;;;;;;;;;x;;;;;;;;;;;;;;
EVTOPTADUEL201B;[FromFrom.GetSheHeCap] knew the risks;;;;;;;;;;;;;;x
EVTTOOLTIPDUEL202;[This.GetTitledFirstName] is slain!\n;est tué!;;;¡Es asesinado!;;;;;;;;;x;;;;;;;;;;;;;;
EVTDESCDUEL202;You try to hold [From.GetTitledFirstName] back, but [From.GetHerHis] onslaught is unstoppable! You only slip once, but once is all [From.GetSheHe] needs...;Vous essayez de repousser [From.GetTitledFirstName], mais son attaque est imparable ! Vous êtes déstabilisé l’espace d’une seconde, et il ne lui en faut pas plus… ;;;Intentas defenderte de [From.GetTitledFirstName] otra vez, pero su embestida es imparable. Solo erras una vez, pero es todo lo que él necesita...;;;;;;;;;x;;;;;;;;;;;;;;,,,,,,,,,,
EVTDESCDUEL202B;You try to hold [From.GetTitledFirstName] back, but [From.GetHerHis] onslaught is unstoppable! You only slip once, but once is all [From.GetSheHe] needs to strike. [From.GetSheHeCap] is too forceful for you, and fatally wounds you accidentally.;;;;;;;;;;;;;;x,,,,,,,,,,,,,
EVTDESCDUEL202C;You try to hold [From.GetTitledFirstName] back, but [From.GetHerHis] onslaught is unstoppable! You only slip once, but once is all [From.GetSheHe] needs...you fall to the ground apparently dead. A few moments later, however, you suddenly gasp for air, a hot force rising you up from the ground.;;;;;;;;;;;;;;x,,,,,,,,,,,
EVTOPTADUEL202;Aaaaargh!;Aaaaargh !;;;¡Aaargh!;;;;;;;;;x;;;;;;;;;;;;;;
EVTOPTADUEL202B;This wasn't supposed to be to the death!;;;;;;;;;;;;;;x
EVTTOOLTIPDUEL204;The duel resumes\n;;;;;;;;;;;;;;x
EVTDESCDUEL203;[From.GetTitledFirstName] crumples to the ground, lifeless. You wipe [From.GetHerHis] blood from your weapon. The deed is done. [From.GetSheHeCap] is dead.;[From.GetTitledFirstName] gît à terre, sans vie. Vous essuyez son sang de votre arme. C'est fait. [From.GetSheHeCap] est mort.;;;[From.GetTitledFirstName] yace en el suelo, sin vida. LImpias [From.GetHerHis]de tu espada. Ya esta hecho. [From.GetSheHeCap] esta muerto.;;;;;;;;;x;;;;;;;;;;;;;;,,,,,,,,,,,,,
EVTOPTADUEL203;Rest in peace.;;;;;;;;;x;;;;;;;;;;;;;;
EVTDESCDUEL301;You and [FromFrom.GetTitledFirstName] sit atop your horses at opposite ends of the lists. Banners flap in the wind and the crowd looks on in rapt expectation. You brace yourself and ready your lance.;Vous vous trouvez à l'extrémité de la lice, face à [FromFrom.GetTitledFirstName]. Vos chevaux s'ébrouent, les bannières claquent au vent et la foule silencieuse attend fébrilement. Vous abaissez la visière de votre bassinet et préparez votre lance. ;;;Tu y [FromFrom.GetTitledFirstName] montan sus caballos en los extremos opuestos en la Justa. Las banderas ondean con el viento y la multitud observa con gran expectación. Coges tu lanza y encaras a tu oponente.;;;;;;;;;x;;;;;;;;;;;;;;,,,,,,,,,,,,,,
EVTOPTADUEL301;Charge!;Charger ! ;;;¡Carga!;;;;;;;;;x;;;;;;;;;;;;;;
EVTOPTBDUEL301;I'll drive my lance right through [FromFrom.GetHerHis] throat...;Je vais diriger ma lance directement sur sa gorge… ;;;Dirigiré mi lanza justo a [FromFrom.GetHerHis] garganta;;;;;;;;;x;;;;;;;;;;;;;;
EVTDESCDUEL302;You and [From.GetTitledFirstName] sit atop your horses at opposite ends of the lists. Banners flap in the wind and the crowd looks on in rapt expectation. You brace yourself and ready your lance.;Vous vous trouvez à l'extrémité de la lice, face à [FromFrom.GetTitledFirstName]. Vos chevaux s'ébrouent, les bannières claquent au vent et la foule silencieuse attend fébrilement. Vous abaissez la visière de votre bassinet et préparez votre lance. ;;;Tu y [FromFrom.GetTitledFirstName] montan sus caballos en los extremos opuestos en la Justa. Las banderas ondean con el viento y la multitud observa con gran expectación. Coges tu lanza y encaras a tu oponente.;;;;;;;;;x;;;;;;;;;;;;;;,,,,,,,,,,,,,,
EVTOPTADUEL302;Charge!;Charger !;;;¡Carga!;;;;;;;;;x;;;;;;;;;;;;;;
EVTOPTBDUEL302;I'll drive my lance right through [From.GetHerHis] throat...;Je vais directement frapper sa gorge… ;;;Dirigiré mi lanza justo a [From.GetHerHis] garganta;;;;;;;;;x;;;;;;;;;;;;;;
EVTDESCDUEL303;The crowd roars and hooves beat against the dirt. You lean into your charge, lance extended forward, sweat dripping from your brow. For a moment, the tension grips you completely. And then you feel the shock run down your arm, as your lances crashes into your opponent!;;;;;;;;;;;;;x,,,,,,,,,,,,
EVTOPTADUEL303;Raaagh!;Aaaaah !;;;¡Aaaaah!;;;;;;;;;x;;;;;;;;;;;;;;
EVTTOOLTIPDUEL304;is struck!;est frappé !;;;¡es golpeado!;;;;;;;;;x;;;;;;;;;;;;;;
EVTDESCDUEL304;The crowd roars and hooves beat against the dirt. You lean into your charge, lance extended forward, sweat dripping from your brow. For a moment, the tension grips you completely. And then you feel the shock as your opponent's lance crashes into you!;La foule rugit tandis que les sabots martèlent la lice. Vous vous penchez sur votre monture, la lance en avant, une goutte de sueur perle le long de votre cou. La tension s’empare de vous pour un instant, puis vous sentez le choc alors que la lance de votre adversaire vous frappe !;;;La multitud ruge y patea contra el suelo. Comienza tu carga, lanza extendida hacia el frente, el sudor emana de tu frente. Por un momento, la tensión se palpa en el ambiente. Entonces sientes un shock y un golpe tremendo, ¡la lanza de tu oponente ha impactado contra ti!;;;;;;;;;x;;;;;;;;;;;;;;,,,,,,
EVTOPTADUEL304;Aaargh!;Aaargh!;;;¡Aaargh!;;;;;;;;;x;;;;;;;;;;;;;;
EVTDESCDUEL309;Your lance smashes into [FromFrom.GetTitledFirstName]'s shield, and [FromFrom.GetSheHe] topples from [FromFrom.GetHerHis] horse. You slow your horse to a trot and turn, raising your lance into the sky while the crowd cheers your victory.;Votre lance se brise sur le bouclier de [FromFrom.GetTitledFirstName] qui est jeté à bas de son cheval. Vous mettez votre monture au trot puis lui faites faire demi-tour au bout de la lice, levant votre lance au ciel tandis que la foule acclame votre victoire. ;;;Tu lanza impacto en el escudo de [FromFrom.GetTitledFirstName], tirandole de [FromFrom.GetHerHis] caballo. Cabalgas hacia el palco, levantas tu lanza al cielo mientras la multitud corea tu victoria.;;;;;;;;;x;;;;;;;;;;;;;;,,,,,,,,,,,
EVTOPTADUEL309;Victory!;Victoire !;;;¡Victoria!;;;;;;;;;x;;;;;;;;;;;;;;
EVTTOOLTIPDUEL310;[From.GetTitledFirstName] is defeated.;[From.GetTitledFirstName] est défait.;;;[From.GetTitledFirstName] esta muerto.;;;;;;;;;x;;;;;;;;;;;;;;
EVTDESCDUEL310;[From.GetTitledFirstName]'s lance smashes into your shield, and you try to cling to your horse, but the force is too much. You are thrown from the saddle, and are left in the dirt as the crowd cheers for [From.GetTitledFirstName]'s victory.;La lance de [From.GetTitledFirstName] se brise sur votre bouclier et vous tentez désespéremment de rester en selle, mais le choc est trop fort. Vous êtes désarçonné et vous vous écrasez au sol tandis que la foule acclame la victoire de [From.GetTitledFirstName].;;;La lanzavde [From.GetTitledFirstName] impacto contra tu escudo tirandote del caballo, el golpe fue demasiado fuerte. Aturdido en el suelo, oyes como la multitud corea la victoria de [From.GetTitledFirstName].;;;;;;;;;x;;;;;;;;;;;;;;,,,,,,,,,,
EVTOPTADUEL310;Curses!;Malédiction !;;;¡Maldición!;;;;;;;;;x;;;;;;;;;;;;;;
EVTDESCDUEL311;[FromFrom.GetTitledFirstName] tries to take the blow on [FromFrom.GetHerHis] shield, but your lance slips past, driving hard into [FromFrom.GetHerHis] neck. The wood cracks and your opponent slips from [FromFrom.GetHerHis] horse and lies in the dirt, slowly dying in a pool of [FromFrom.GetHerHis] own blood. You have won, but at what cost?;[FromFrom.GetTitledFirstName] tente de prendre le coup sur son bouclier, mais votre lance dévie et le frappe violemment au cou. Le bois craque et votre adversaire chute de son cheval. A terre, il agonise, s'etouffant dans son propre sang. Vous avez gagné, mais à quel prix ? ;;;[FromFrom.GetTitledFirstName] intentas golpear [FromFrom.GetHerHis] shield, pero tu lanza se parte, incrustandose direntamente en [FromFrom.GetHerHis] garganta. Tu oponente cae desde [FromFrom.GetHerHis] caballo, muriendo lentamente en un charco de [FromFrom.GetHerHis] propia sangre. has ganado pero, ¿a que precio?;;;;;;;;;x;;;;;;;;;;;;;;,,,,
EVTOPTADUEL311;Such a tragedy...;Quelle tragédie…;;;Que tragedia…;;;;;;;;;x;;;;;;;;;;;;;;
EVTDESCDUEL312;You try to take the blow on your shield, but it slips past. You have just time enough time to fill with horror before the great wooden spear drives itself into your throat, and everything goes dark.;Vous essayez de prendre le coup sur votre bouclier mais il dévie. Vous avez juste le temps de lâcher un cri avant que la grande lance de bois ne frappe votre gorge, et tout devient noir.;;;Intentas protegerte con tu escudo, pero no lo consigues. Tienes el tiempo justo para ver como la lanza de tu oponente se inserta en garganta y se parte, y todo se vuelve oscuro.;;;;;;;;;x;;;;;;;;;;;;;;,,,,,,,,,,,
EVTOPTADUEL312;Aaaaargh!;Aaaaargh !;;;¡Aaargh!;;;;;;;;;x;;;;;;;;;;;;;;
EVTTOOLTIPDUELOUTPUT1;[This.GetTitledFirstName] is victorious!;[This.GetTitledFirstName] est victorieux!;;;¡[This.GetTitledFirstName] es victorioso!;;;;;;;;;x;;;;;;;;;;;;;;
EVTDESCDUELOUTPUT1;The fight is over. [From.GetTitledFirstName] lies defeated. You have won!;Le combat est terminé. [From.GetTitledFirstName] est vaincu. Vous avez gagné !;;;El combate a terminado. [From.GetTitledFirstName] cae derrotado. ¡Has ganado!;;;;;;;;;x;;;;;;;;;;;;;;
EVTOPTADUELOUTPUT1;Victory is mine!;La victoire est mienne !;;;¡ La victoria es mia!;;;;;;;;;x;;;;;;;;;;;;;;
EVTDESCbattle.1;Fighting across the field, you see an enemy soldier cut off from the others. While you can't tell who, it's clear that they must be a noble general.;Alors que vous vous battez sur le champ de bataille, vous apercevez un soldat ennemi sortir des rangs. Si vous n'arrivez pas à voir de qui il s'agit, vous êtes par contre certain qu'il s'agit d'un noble de haute naissance.;;;Luchando en el campo de batalla, ves a un soldado enemigo distinguido de los demás. Si bien no se puede decir quien es, está claro que debe ser un noble de alta cuna.;;;;;;;;;x;;;;;;;;;;;;;;,,,,,,,,,,
EVTOPTAbattle.1;Charge!;Charger !;;;¡Carga!;;;;;;;;;x;;;;;;;;;;;;;;
EVTDESCbattle.2;You were seperated from your men in the chaos of battle, and now find yourself in the midst of war. As you scan the field and try to rejoin your forces, you see [From.GetTitledFirstName] break through the enemy ranks and charge you!;Dans le chaos des combats, vous avez été séparé de vos hommes et vous trouvez désormais en plein milieu de la bataille. Alors que vous tentez de rejoindre vos forces, vous apercevez [From.GetTitledFirstName] se frayer un chemin à travers les rangs ennemis avant de vous charger !;;;Te has separado de tus hombres en el caos de la batalla, y te encuentras ahora en plena lucha. Miras a tu alrededor e intentas reorganizar tus fuerzas, ves a [From.GetTitledFirstName] romper las filas enemigas y cargas contra el;;;;;;;;;x;;;;;;;;;;;;;;,,,,,,,,,,
EVTOPTAbattle.2;Prepare to die, [From.GetOnlyDynastyName] scum!;Prépare-toi à mourir, pourriture de [From.GetOnlyDynastyName] !;;;¡Preparate a morir, [From.GetOnlyDynastyName]!;;;;;;;;;x;;;;;;;;;;;;;;,,,,,,,,,,,,,
EVTOPTBbattle.2;I need to get out of here!;Je dois foutre le camp d'ici !;;;¡Tengo que salir de aquí!;;;;;;;;;x;;;;;;;;;;;;;;
EVTOPTCbattle.2;Get back, [Root.PrimaryTitle.GetFOA]! I'll handle this!;[This.GetTitledFirstName], occupe-toi de [From.GetHerHim] !;;;¡Vuelve aqui, [Root.PrimaryTitle.GetFOA]! ¡Maldito cobarde!;;;;;;;;;x;;;;;;;;;;;;;;,,,,,,,,,,,,,
EVTTOOLTIPbattle.3;[From.GetTitledFirstName] reacts!;[From.GetTitledFirstName] réagit;;;[From.GetTitledFirstName] reacciona;;;;;;;;;x;;;;;;;;;;;;;;
EVTDESCbattle.3;As you get closer, you realize the enemy soldier is [From.GetTitledFirstName].;En vous rapprochant, vous réalisez que le soldat ennemi n'est autre que [From.GetTitledFirstName].;;;Medida que se acerca, te das cuenta de que el soldado enemigo es [From.GetTitledFirstName].;;;;;;;;;x;;;;;;;;;;;;;;,,,,,,,,,,,,,
EVTOPTAbattle.3;Prepare to die, [From.GetOnlyDynastyName] scum!;Prépare-toi à mourir, pourriture de [From.GetOnlyDynastyName] !;;;¡Preparate a morir, [From.GetOnlyDynastyName]!;;;;;;;;;x;;;;;;;;;;;;;;,,,,,,,,,,,,,
EVTOPTBbattle.3;I need to get out of here!;Je dois foutre le camp d'ici !;;;¡Tengo que salir de aquí!;;;;;;;;;x;;;;;;;;;;;;;;
EVTOPTCbattle.3;Get back, [Root.PrimaryTitle.GetFOA]! I'll handle this!;Reculez, [Root.PrimaryTitle.GetFOA] ! Je m’en charge !;;;¡Vuelve aqui, [Root.PrimaryTitle.GetFOA]! ¡Maldito cobarde!;;;;;;;;;x;;;;;;;;;;;;;;,,,,,,,,,,,,,
EVTDESCbattle.4;As you get closer, you realize the enemy soldier is [From.GetTitledFirstName]. Seeing you charge across the field toward [From.GetHerHim], [From.GetSheHe] turns and flees. You pursue, but lose track of [From.GetHerHim] in the chaos.;En vous rapprochant, vous réalisez que le soldat est ennemi n'est autre que [From.GetTitledFirstName]. Remarquant votre charge à travers le champs de bataille pour l'affronter, [From.GetSheHe] se retourne et fuit. Vous le(a) poursuivez, mais perdez sa trace dans le chaos des combats. ;;;Medida que se acerca, te das cuenta de que el soldado enemigo es [From.GetTitledFirstName]. Viendote a ti hacercandose con mucha furia , Se da la vuelta y huye. Le persigues, pero le pierdes en el caos de la batalla.;;;;;;;;;x;;;;;;;;;;;;;;,,,,,,,
EVTOPTAbattle.4;That's right, coward, run back to [From.Capital.GetName]!;C'est ça, couard, retourne à [From.Capital.GetName] !;;;¡Eso es, cobarde,vuelve con el rabo entre las piernas a [From.Capital.GetName]!;;;;;;;;;x;;;;;;;;;;;;;;,,,,,,,,,,
EVTDESCbattle.5;You turn to face [From.GetTitle] [From.GetFirstName]... and [From.GetSheHe] breaks [From.GetHerHis] charge and flees. You pursue, but lose track of [From.GetHerHim] in the chaos.;Vous vous retournez pour faire face à [From.GetTitle] [From.GetFirstName] lorsqu'… [From.GetSheHe] stoppe sa charge et s'enfuit. Vous le(a) poursuivez, mais perdez sa trace dans le chaos des combats.;;;Giras la cabeza hacia [From.GetTitle] [From.GetFirstName]... y [From.GetSheHe] rompe [From.GetHerHis] carga y huye. Le persigues, pero le pierdes en el caos de la batalla.;;;;;;;;;x;;;;;;;;;;;;;;,,,,,,,,,,,,,
EVTOPTAbattle.5;That's right, coward, run back to [From.Capital.GetName]!;C'est ça, couard, retourne à [From.Capital.GetName] !;;;¡Eso es, cobarde,vuelve con el rabo entre las piernas a [From.Capital.GetName]!;;;;;;;;;x;;;;;;;;;;;;;;,,,,,,,,,,
EVTTOOLTIPbattle.6;will fight [From.GetTitledFirstName];va affronter [From.GetTitledFirstName];;;luchara [From.GetTitledFirstName];;;;;;;;;x;;;;;;;;;;;;;;
EVTDESCbattle.7;As you get closer, you realize the enemy soldier is [FromFrom.GetTitle] [FromFrom.GetFirstName] [FromFrom.GetHerHim]self! Before you can close ranks, however, [From.GetTitledFirstName] leaps into your path, weapon at the ready. 'Get back to our line, [FromFrom.PrimaryTitle.GetFOA]!' [From.GetSheHe] shouts, 'I'll handle this!';En vous rapprochant, vous réalisez que le soldat ennemi n'est autre que [FromFrom.GetTitle] [FromFrom.GetFirstName] en personne ! Mais alors que vous tentez de lui courir sus, [From.GetTitledFirstName] vient vous barrer le chemin. 'Retournez dans nos rangs,' dit-[From.GetSheHe], 'je vais m'en charger !';;;Medida que se acerca, te das cuenta de que el soldado enemigo es [FromFrom.GetTitle] [FromFrom.GetFirstName] [FromFrom.GetHerHim]yo! Antes de cerrar filas, sin embargo, [From.GetTitledFirstName] se acerca, con la espada en ristre. 'Vuelve a nuestra línea, [FromFrom.PrimaryTitle.GetFOA]!' [From.GetSheHe] gritó, '¡Yo me encargaré de esto!';;;;;;;;;x;;;;;;;;;;;;;;
EVTOPTAbattle.7;You think a bodyguard will save you?;;;;;;;;;;;;;x;;;;;;;;;;;;;;
EVTOPTBbattle.7;Fighting a bodyguard wasn't part of the plan.;Affronter la Garde Royale ne faisait pas parti du plan.;;;Luchar contra la Guardia Real no era parte del plan.;;;;;;;;;x;;;;;;;;;;;;;;
EVTOPTCbattle.7;Fine, you shall die as well!;;;;Bien, vas a morir también!;;;;;;;;;x;;;;;;;;;;;;;;,,,,,,,,,,,,,,
EVTDESCbattle.8;The mere sight of [FromFrom.GetTitledFirstName] is enough to make [From.GetTitle] [From.GetFirstName] turn and run with [From.GetHerHis] tail between [From.GetHerHis] legs.;La simple vue de [FromFrom.GetTitledFirstName] suffit à faire se détourner [From.GetTitle] [From.GetFirstName], qui détale la queue entre les jambes. ;;;La mera visión de [FromFrom.GetTitledFirstName] es suficiente para hacer que [From.GetTitle] [From.GetFirstName] de la vuelta y corra con [From.GetHerHis] cola entre [From.GetHerHis] legs.;;;;;;;;;x;;;;;;;;;;;;;;,,,,,,,,,,,,,,,
EVTOPTAbattle.8;That's right, coward, run back to [From.Capital.GetName]!;C'est ça, couard, retourne à [From.Capital.GetName] !;;;¡Eso es, cobarde,vuelve con el rabo entre las piernas a [From.Capital.GetName]!;;;;;;;;;x;;;;;;;;;;;;;;,,,,,,,,,,
EVTTOOLTIPbattle.9;will fight [From.GetTitledFirstName];va affronter [From.GetTitledFirstName];;;luchara [From.GetTitledFirstName];;;;;;;;;x;;;;;;;;;;;;;;
EVTDESCbattle.10;[FromFrom.GetTitle] [FromFrom.GetFirstName] suddenly halts [FromFrom.GetHerHis] charge, and you are left to wonder why for but a moment, when [From.GetTitledFirstName] sweeps in from behind [FromFrom.GetHerHim]. 'Get back to our line, [FromFrom.PrimaryTitle.GetFOA]!' [From.GetSheHe] shouts, 'I'll handle this!';;;;;;;;;;;;;x,,,,,,,,,,,,
EVTTOOLTIPbattle.11;[From.GetTitledFirstName]'s death demoralizes the enemy!;La mort de [From.GetTitledFirstName] démoralise les ennemis !;;;¡La muerte de [From.GetTitledFirstName] desmoralizará a nuestros enemigos!;;;;;;;;;x;;;;;;;;;;;;;;
EVTDESCbattle.11;As [FromFrom.GetTitledFirstName] falls before you, [FromFrom.GetHerHis] soldiers look on and begin to lose hope.;Alors que vous venez de défaire [FromFrom.GetTitledFirstName], ses soldats commencent à douter et à perdre espoir.;;;Como [FromFrom.GetTitledFirstName] cayó en la batalla, [FromFrom.GetHerHis] soldados empiezan a perder la ezperanza.;;;;;;;;;x;;;;;;;;;;;;;;,,,,,,,,,,,,,
EVTOPTAbattle.11;Now's our chance!;C'est notre chance !;;;¡Ahora es nuestra oportunidad!;;;;;;;;;x;;;;;;;;;;;;;;
EVTTOOLTIPbattle.12;You take [From.GetTitledFirstName] prisoner.;Vous faites [From.GetTitledFirstName] prisonnier.;;;Haces a [From.GetTitledFirstName] prisionero.;;;;;;;;;x;;;;;;;;;;;;;;
EVTDESCbattle.12;[FromFrom.GetTitledFirstName] lies helpless at your feet, [FromFrom.GetHerHis] weapon discarded and yours at [FromFrom.GetHerHis] throat.;[FromFrom.GetTitledFirstName] est étendu impuissant à vos pieds, son arme brisée et la vôtre à sa gorge. ;;;[FromFrom.GetTitledFirstName] yace impotente a tus pies, [FromFrom.GetHerHis] arma yace en el suelo y la tuya en [FromFrom.GetHerHis] garganta.;;;;;;;;;x;;;;;;;;;;;;;;,,,,,,,,,,,,,
EVTOPTAbattle.12;Come with me, and walk fast. It's a long way to [Root.Capital.GetName].;Venez avec moi, et marchez rapidement. Le chemin est long jusqu'à [Root.Capital.GetName].;;;Ven conmigo, iremos rápido. Es un largo camino hasta [Root.Capital.GetName].;;;;;;;;;x;;;;;;;;;;;;;;,,,,,,,,,,,,,
EVTDESCbattle.13;You are defeated. [From.GetTitledFirstName] takes you prisoner.;Vous êtes défait. [From.GetTitledFirstName] vous garde prisonnier.;;;Caes derrotado. [From.GetTitledFirstName] te hace prisionero.;;;;;;;;;x;;;;;;;;;;;;;;
EVTOPTAbattle.13;I'll remember this, [From.GetOnlyDynastyName].;Je m'en souviendrai, [From.GetOnlyDynastyName].;;;Recordaré esto, [From.GetOnlyDynastyName].;;;;;;;;;x;;;;;;;;;;;;;;,,,,,,,,,,,,,
EVTTOOLTIPbattle.14;has no escape now!;ne peut plus s'échapper désormais.;;;¡No escaparas ahora!;;;;;;;;;x;;;;;;;;;;;;;;
EVTDESCbattle.14;You look on in horror as [FromFrom.GetTitledFirstName] falls to [From.GetTitledFirstName], crumpling to the ground, [From.GetHerHis] cloak stained with blood. [From.GetTitle] [From.GetFirstName] slowly advances on you. 'It's over, [Root.PrimaryTitle.GetFOA],' [From.GetSheHe] says, 'this ends here.';Vous observez avec horreur [FromFrom.GetTitledFirstName] tomber face à [From.GetTitledFirstName]. Son corps gît à terre, son manteau blanc recouvert de sang. [From.GetTitle] [From.GetFirstName] se dirige calmement vers vous. 'C'est fini, [Root.PrimaryTitle.GetFOA],' dit-[From.GetSheHe], 'tout s'achève, ici et maintenant.';;;Observas con horror como [FromFrom.GetTitledFirstName] cae por[From.GetTitledFirstName],yace en el suelo, la capa blanca llena de sangre. [From.GetTitle] [From.GetFirstName] se acerca. 'ha terminado, [Root.PrimaryTitle.GetFOA],' [From.GetSheHe] dice, 'este es tu final.';;;;;;;;;x;;;;;;;;;;;;;;,
EVTOPTAbattle.14;I've no time left to run!;Je ne peux plus fuir.;;;¡No tuve tiempo para volver!;;;;;;;;;xEVTTOOLTIPbattle.14;has no escape now!;;;;;;;;;;;;;x
EVTTOOLTIPbattle.15;charges!;Charger !;;;¡Carga!;;;;;;;;;x;;;;;;;;;;;;;;
EVTDESCbattle.15;You kick the bloodstained cloak free of your feet and advance slowly on [From.GetTitledFirstName]. You've split [From.GetHerHim] from [From.GetHerHis] army and killed [From.GetHerHis] sworn sword. There's no where left for [From.GetHerHim] to run.;Vous repoussez du pied le manteau blanc gisant devant vous, puis marchez lentement vers [From.GetTitledFirstName]. Son armée est occupée ou dispersée. Quant à ses chevaliers, vous les avez tués. Il n'a nulle part où fuir désormais.;;;Pateas la capa blanca llena de sangre con tus botas y te acercas a [From.GetTitledFirstName]. Tu ejercito esta dividido y tus caballeros muertos. No tienes lugar donde esconderte.;;;;;;;;;x;;;;;;;;;;;;;;,,,,,,,,,,,,,,
EVTOPTAbattle.15;It's over, [From.PrimaryTitle.GetFOA]. This ends here.;C'est fini, [From.PrimaryTitle.GetFOA]. Tout s'achève, ici et maintenant. ;;;Esto ha terminado, [From.PrimaryTitle.GetFOA]. Es el fin.;;;;;;;;;x;;;;;;;;;;;;;;,,,,,,,,,,,,
EVTDESCbattle.16;The battle is over in less than a minute. [FromFrom.GetTitledFirstName] sinks to the ground, and [From.GetTitledFirstName] wipes the blood from [From.GetHerHis] weapon. 'It's done, [Root.PrimaryTitle.GetFOA],' [From.GetSheHe] says, '[FromFrom.GetSheHe]'ll trouble us no more.';Le combat n'a pas duré plus d'une minute. [FromFrom.GetTitledFirstName] s'effondre à terre, et [From.GetTitledFirstName] lave le sang de son épée. 'C'est fait, [Root.PrimaryTitle.GetFOA],' dit-[From.GetSheHe], '[FromFrom.GetSheHe] ne nous dérangera plus.';;;El combate ha terminado en menos de un minuto. [FromFrom.GetTitledFirstName] yace en el suelo, y [From.GetTitledFirstName] limpia de sangre [From.GetHerHis] espada. 'Esta hecho, [Root.PrimaryTitle.GetFOA],' [From.GetSheHe] dijo, '[FromFrom.GetSheHe]'Ya nos molestará más.';;;;;;;;;x;;;;;;;;;;;;;;,,,,
EVTOPTAbattle.16;Well done, [From.GetTitledFirstName].;Bien joué, [From.GetTitledFirstName].;;;Bien hecho, [From.GetTitledFirstName].;;;;;;;;;x;;;;;;;;;;;;;;,,,,,,,,,,,,,
EVTDESCbattle.17;The battle is over in less than a minute. [From.GetTitledFirstName] knocks [FromFrom.GetTitledFirstName] to the ground and kicks away [FromFrom.GetHerHis] weapon, leaving [FromFrom.GetHerHim] defenseless. 'I yield! I yield!';Le combat n'a pas duré plus d'une minute. [From.GetTitledFirstName] envoie [FromFrom.GetTitledFirstName] à terre et éloigne son épée d'un coup de pied, le laissant sans défense. 'Je me rends ! Je me rends !';;;El combate ha terminado en menos de un minuto.  [From.GetTitledFirstName] tira a [FromFrom.GetTitledFirstName] al suelo y le apunta con [FromFrom.GetHerHis] arma, dejandole indefenso. '¡Me rindo! ¡Me rindo!';;;;;;;;;x;;;;;;;;;;;;;;,,,,,,,,,,,,,
EVTOPTAbattle.17;Tie this one up, [From.GetOnlyDynastyName]. We're bring [FromFrom.GetHerHim] home with us.;Attachez celui-ci, [From.GetOnlyDynastyName]. Nous le ramenons avec nous à la maison. ;;;Apresadle, [From.GetOnlyDynastyName]. Nos lo treamos con nosotros a casa.;;;;;;;;;x;;;;;;;;;;;;;;,,,,,,,,,,,,,
battlefield_fight;Participating in a Duel;Provoqué en duel sur le champs de bataille.;Challenged to a battlefield duel;;Retado a un duelo;;;;;;;;;x;;;;;;;;;;;;;;
EVTDESCDUEL10700;We have tidings from [From.Location.GetName] where [From.GetTitledFirstName] and [FromFrom.GetTitledFirstName] met as enemies in a duel. They fought eachother fiercely, but [From.GetTitledFirstName] prevailed in the end, forcing [FromFrom.GetTitledFirstName] to yield and handing [FromFrom.GetHerHim] over to you as a prisoner.;Nous avons des nouvelles en provenance de [From.Location.GetName] où [From.GetTitledFirstName] et [FromFrom.GetTitledFirstName] se sont affrontés lors d'un duel. Ils se sont battus férocement, mais au bout du compte c'est [From.GetTitledFirstName] qui a prévalu, forçant [FromFrom.GetTitledFirstName] à se rendre. [FromFrom.GetSheHe] est désormais votre prisonnier(e).;;;Tenemos noticia de [From.Location.GetName] donde [From.GetTitledFirstName] y [FromFrom.GetTitledFirstName] se enfrantaron como enemigos en un duelo. Lucharon encarnizadamente, pero [From.GetTitledFirstName] fue derrotado al final, forzando a [FromFrom.GetTitledFirstName] convertirlo en su prisionero.;;;;;;;;;x;;;;;;;;;;;;;;,,,,,,,,,,
EVTTOOLTIPchallenge.1;Challenge your opponent to a fight.;;;;;;;;;;;;;;x
EVTTOOLTIPchallenge.2;Challenge your opponent to come out and fight.;;;;;;;;;;;;;;x
EVTDESC_challenge.1;You have been challenged to a duel on the battlefield!;;;;;;;;;;;;;;x
EVTDESC_challenge.2;You have been challenged to a duel by the beseiging commander!;;;;;;;;;;;;;;x
EVTDESCA_challenge.3;Your opponent refused your challenge. Their troops are demoralized while ours are invigorated by our enemy's cowardice.;;;;;;;;;;;;;;x
EVTDESCB_challenge.3;[Root.GetTitle] [Root.GetOnlyDynastyName], Your reputation precedes you. You are certainly superior to me in strength and skill. I am no match for you and must decline your challenge.;;;;;;;;;;;;;;x,,,,,,,,,,,,,,,
EVTDESC_challenge.4;Your opponent has accepted your challenge. Prepare yourself!;;;;;;;;;;;;;;x
EVTDESC_challenge.5;Your challenge went unheard. No worthy opponent has showed themselves. Both armies remain relatively unaffected.;;;;;;;;;;;;;;x
EVTDESC_challenge.7;Your vassal [From.GetBestName] has fallen in combat.;;;;;;;;;;;;;;x
#Vanilla
EVTDESCA_WOL_11006;It is the day of your duel against [FromFrom.GetBestName]. A crowd has gathered to witness the event	 and what a show they get. The fight starts off fiercely	 as the clashing of metal is violent enough to quiet the murmurs of the spectators. For a while it seems like neither of you will gain the upper hand	 until you manage to parry [FromFrom.GetBestName]'s blade and deliver a powerful blow to [FromFrom.GetHerHis] defenseless arm. [FromFrom.GetSheHeCap] drops [FromFrom.GetHerHis] weapon on the ground and lets out a blood-curdling scream	 staring in shock at the gruesome wound.;Le jour du duel contre [FromFrom.GetBestName] est enfin arrivé. Le combat est acharné dès les premières passes	 le choc des épées résonne et couvre les murmures des spectateurs. L'affrontement se poursuit ainsi pendant un certain temps de manière équilibrée jusqu'au moment où vous réussissez à parer la lame de [FromFrom.GetBestName] et infligez un coup puissant sur son bras armé maintenant découvert. [FromFrom.GetSheHeCap] lâche son épée et hurle de douleur en regardant son bras mutilé.;Der Tag Eures Duells mit [FromFrom.GetBestName] ist gekommen. Der Kampf wird von Anfang an erbittert geführt und das Geräusch von aufeinanderklirrendem Metall übertönt das Gemurmel der Menge	 die dem Kampf zusieht. Der wilde Kampf wogt eine Weile lang hin und her	 wobei weder Ihr noch Euer Gegner einen klaren Vorteil erzielen könnt. Dann endlich könnt Ihr das Schwert von [FromFrom.GetBestName] parieren und versetzt [FromFrom.GetHerHis] nun ungeschützten Waffenarm einen mächtigen Hieb. [FromFrom.GetSheHeCap] lässt die Waffe fallen und schreit vor Schmerz auf	 während [FromFrom.GetSheHe] auf den aufgeschlitzten Arm herabsieht.;;Ha llegado el día de tu duelo contra [FromFrom.GetBestName]. La lucha es feroz desde el principio y el sonido del metal chocando uno al otro sobrepasa el murmullo de la multitud que observa la pelea. La lucha continúa durante un tiempo sin ninguna ventaja clara ni para ti ni para tu oponente hasta que consigues parar la hoja de [FromFrom.GetBestName] y lanzas un poderoso tajo contra [FromFrom.GetHerHis] indefenso brazo del arma. [FromFrom.GetSheHeCap] deja caer [FromFrom.GetHerHis] arma al suelo y grita de dolor mientras [FromFrom.GetSheHe] mira hacia abajo a [FromFrom.GetHerHis] brazo destrozado.;;;;;;;;;x	
EVTDESCB_WOL_11006;The day of your duel against [FromFrom.GetBestName] has arrived. As you approach the location of the fight	 you realize that a small crowd has gathered to watch the event. [FromFrom.GetBestName] starts aggressively	 but you manage to evade and block the attacks [FromFrom.GetSheHe] hurls at you. Over time you gain the advantage	 while your challenger is getting more and more fatigued. Finally you feint a high attack and [FromFrom.GetBestName] falls for it	 failing to block as you strike out towards [FromFrom.GetHerHis] unprotected legs. Once injured	 [FromFrom.GetSheHe] surrenders.;Le jour de votre duel contre [FromFrom.GetBestName] est arrivé. Un petite foule s'est assemblée pour vous voir défendre votre honneur et votre gloire. [FromFrom.GetBestName] effectue quelques attaques agressives que vous parvenez à esquiver et à parer. Le temps passe et vous prenez l'avantage tandis que votre adversaire s'épuise de plus en plus. Vous finissez par feindre une attaque haute que [FromFrom.GetBestName] ne parvient pas à deviner et qui l'atteint à la jambe. Votre adversaire lâche son arme en signe d'abandon.;Der Tag Eures Duells mit [FromFrom.GetBestName] ist gekommen. Eine kleine Gruppe an Zuschauern hat sich eingefunden	 um Euren Kampf um Ehre und Ruhm zu beobachten. [FromFrom.GetBestName] beginnt den Kampf mit aggressiven Angriffen	 denen ihr ausweichen oder die ihr parieren könnt. Mit der Zeit gewinnt Ihr die Oberhand	 während Euer Gegner immer mehr ermüdet. Schließlich täuscht Ihr einen hoch geführten Angriff vor und [FromFrom.GetBestName] schafft es nicht	 Euren Hieb abzuwehren	 der das Bein trifft. Euer Gegner legt die Waffe nieder und gibt auf.;;Llegó el día de tu duelo contra [FromFrom.GetBestName]. Una pequeña multitud se ha reunido para ver la pelea de honor y gloria. [FromFrom.GetBestName] empieza agresivo y lanza ataques que te arreglas para esquivar y bloquear. Con el tiempo obtienes la ventaja mientras que tu oponente se va fatigando más y más. Finalmente fintas un ataque alto y [FromFrom.GetBestName] no bloquea el ataque que le golpea en [FromFrom.GetHerHim] pierna. Tu oponente baja [event target:FromFrom.GetHerHis] arma y se rinde.;;;;;;;;;x	
EVTOPTA_WOL_11006;Walk away as victor.;Je m'en vais triomphant.;Geht als Sieger vom Platz.;;Te alejas como el vencedor.;;;;;;;;;x
EVTDESCA_WOL_11007;The day of your duel has come	 and you step up to your opponent	 [From.GetBestName]	 while raising your blade. The fight starts off fiercely as neither of you hold back	 the echo of clashing metal following every brutal attack. For a long time it's unclear who will stand victorious	 until a parry throws you off balance	 leaving you an open target. [From.GetBestName] instantly strikes out	 and an eruption of pain ravages your body as their blade digs deep into your arm. You let out a blood-curdling scream	 and the duel is lost.;Vous vous approchez de votre adversaire	 [From.GetBestName]	 et levez votre épée. Le combat est intense dès les premières passes et les lames s'entrechoquent avec violence. On a peine à deviner qui sortira vainqueur de l'affrontement	 quand soudain [From.GetBestName] pare une de vos attaques qui laisse votre bras à découvert. La douleur envahit votre corps tout entier lorsque la lame plonge profondément dans votre bras et vous hurlez plus fort qu'un ours en furie. Mais c'est inutile	 le combat est perdu pour vous.;Ihr tretet im Duell vor Euren Gegner	 [From.GetBestName]	 und erhebt Euer Schwert. Der Kampf wird von Anfang an erbittert geführt	 während ihr die Klingen schwer aufeinanderprallen lasst. Lange Zeit bleibt unklar	 wer als Sieger hervorgehen wird	 bis der Gegner Euer Schwert von Eurem Waffenarm wegpariert. Dadurch ergibt sich für [From.GetBestName] eine Gelegenheit	 Euren ungeschützten Arm anzugreifen. Der Schmerz fährt durch Euren ganzen Körper	 als Euer Gegner die Klinge tief in Euren Arm bohrt. Ihr schreit lauter als ein wütender Bär	 aber Ihr habt das Duell trotzdem verloren.;;Andas hasta [From.GetBestName]	 tu rival del duelo y levanta a tu hoja. La lucha es intensa desde el principio ya que los dos golpeáis con fuerza la hoja del otro. Durante mucho tiempo no está claro quien saldrá victorioso de esto hasta que tu espada queda rechazada al lado opuesto del brazo de tu arma	 que le da a [From.GetBestName] una oportunidad contra tu brazo indefenso. El dolor te atraviesa el cuerpo entero cuando la hoja de tu rival se entierra profundamente en tu brazo y gritas más alto que un oso furioso	 pero el duelo está perdido.;;;;;;;;;x
EVTDESCB_WOL_11007;The duel starts violently	 as your tactic is to strike at [From.GetBestName]'s garde repeatedly until it folds. However	 you seem to be unable to overwhelm [From.GetHerHis]	 as [From.GetSheHe] blocks and evades your every attack with ease. As time passes you grow more and more fatigued	 and predicting [From.GetBestName]'s maneuvers gets all the more challenging. You curse your slow reactions as you try to parry a high attack	 which [From.GetSheHe] used to feint into a low blow	 striking at your legs. The resulting wound isn't fatal	 but it hinders your movement and you reluctantly yield to your opponent.;Le duel commence avec violence et vous frappez de manière répétée la garde de [From.GetBestName] pour la faire tomber. Votre adversaire semble cependant habile avec une lame et bloque chacune de vos attaques avec une relative aisance	 ce qui commence à vous épuiser. C'est à ce moment que [From.GetBestName] réussit à vous tromper en feintant une attaque haute qui	 en fin de compte	 vous frappe à la jambe. Votre blessure vous empêche de vous déplacer et vous comprenez que le combat est perdu pour vous.;Das Duell fängt hitzig an	 da Eure Taktik darin besteht	 immer wieder auf die Klingenparade von [From.GetBestName] einzuhämmern	 bis Euer Gegner zurückweicht. Euer Gegner scheint jedoch geübt zu sein im Umgang mit dem Schwert und pariert jeden Eurer Angriffe relativ mühelos. Schließlich ermüden Euch Eure ständigen Angriffe immer mehr. Genau in diesem Moment täuscht [From.GetBestName] einen hoch geführten Klingenschlag an. Doch das Schwert stößt stattdessen nach unten und bohrt sich in Euer Bein. Die Wunde schränkt Eure Beweglichkeit im Kampf ein. Ihr erkennt	 dass Ihr verloren habt	 und ergebt Euch.;;El duelo se inicia violentamente ya que tu táctica es atacar [From.GetBestName] guardia repetidamente hasta que se roma. Su oponente	 sin embargo	 parece muy hábil [From.GetHerHis] con la espada y bloquea tu ataque relativamente fácil y finalmente te vas cansando más y más por sus ataques repetidos. Es entonces cuando [From.GetBestName] logra engañarte fingiendo un golpe alto mientras baja [From.GetHerHis] hoja y aterriza en tu pierna. La herida dificulta tus movimiento en la batalla	 te das cuenta que has perdido y te rindes a tu rival.;;;;;;;;;x
EVTOPTA_WOL_11007;Curses!;Malédiction !;Verflixt!;;!Maldición!;;;;;;;;;x
CHAMPIONDUEL;Your champion will face the enemy in your name!;;;;;;;;;;;;;;x